<?xml version='1.0' encoding='UTF-8' ?>

<books> <book> <title>The Pragmatic Programmer</title> <authors>Andrew Hunt, David Thomas</authors> <publishedYear>1999</publishedYear> <genre>Software Engineering</genre> </book> <book> <title>Clean Code: A Handbook of Agile Software Craftsmanship</title> <authors>Robert C. Martin</authors> <publishedYear>2008</publishedYear> <genre>Software Engineering</genre> </book> <book> <title>Code: The Hidden Language of Computer Hardware and Software</title> <authors>Charles Petzold</authors> <publishedYear>1999</publishedYear> <genre>Computer Science</genre> </book> </books>